id;nombre;apellido;correo;telefono;direccion
1;off anaesthetise;honestly godfather when;respectful after;prickly someplace although;whoever
2;coarse consequently;atomize mealy;towards ultimately;elliptical section grass;convoke
3;reconsideration potable;printer;rubric furthermore;but transcend;underneath provided
4;papa boohoo heartbeat;throughout ah before;whose;apt interestingly truthfully;emergent second-hand
5;aha;until unnecessarily;likewise moist;mild deliberately captain;round
6;within;atop among yearly;veto gastropod unlike;override;funny violently
7;wetly indeed pish;personal role boohoo;evenly considering;utterly;pressure likewise skateboard
8;seriously enormously enchanting;daintily optimistically;outfox wherever;for;likewise honorable subtract
9;uneven experience;inasmuch fail alongside;farm;accidentally deliquesce mindless;angelic
10;tight unlike gently;unless;queasily;aching opposite the;enchanted
